City_ID,City,Country,Lat,Lng,Max Temp,Humidity,Cloudiness,Wind Speed,Current Description
0,Gap,FR,44.6667,6.0,16.83,80,77,5.84,broken clouds
1,Abha,SA,18.2164,42.5053,42.62,56,0,0.0,clear sky
2,Aksha,RU,50.2814,113.2867,18.45,63,77,3.69,broken clouds
3,Anaconda,US,46.1285,-112.9423,28.96,92,93,4.68,overcast clouds
4,Thompson,CA,55.7435,-97.8558,3.36,85,75,0.0,light snow
5,Rikitea,PF,-23.1203,-134.9692,77.27,79,86,8.95,light rain
6,Punta Arenas,CL,-53.15,-70.9167,42.91,65,75,14.97,broken clouds
7,Hermanus,ZA,-34.4187,19.2345,62.91,88,64,5.23,broken clouds
8,Mayumba,GA,-3.432,10.6554,76.33,92,100,3.98,light rain
9,Flin Flon,CA,54.7682,-101.865,8.51,96,100,3.04,overcast clouds
10,Qaanaaq,GL,77.484,-69.3632,-3.66,73,2,5.14,clear sky
11,Miri,MY,4.4148,114.0089,86.14,70,40,6.91,scattered clouds
12,Kapaa,US,22.0752,-159.319,76.12,59,47,4.0,light rain
13,Cape Town,ZA,-33.9258,18.4232,64.89,85,0,3.0,clear sky
14,Airai,TL,-8.9266,125.4092,74.12,64,87,0.96,overcast clouds
15,Boulder City,US,35.9786,-114.8325,44.92,42,1,5.75,clear sky
16,Castro,BR,-24.7911,-50.0119,63.79,81,97,6.04,overcast clouds
17,Busselton,AU,-33.65,115.3333,69.55,40,100,9.57,overcast clouds
18,Bluff,NZ,-46.6,168.3333,61.81,74,57,15.23,broken clouds
19,Ponta Do Sol,PT,32.6667,-17.1,63.72,78,37,2.77,scattered clouds
20,Upernavik,GL,72.7868,-56.1549,6.94,93,100,11.45,overcast clouds
21,Vardo,NO,70.3705,31.1107,32.2,79,79,19.95,broken clouds
22,Kahului,US,20.8947,-156.47,76.84,86,69,13.0,broken clouds
23,Mar Del Plata,AR,-38.0023,-57.5575,62.87,80,0,1.99,clear sky
24,Bitung,ID,1.4451,125.1824,86.85,66,84,9.15,broken clouds
25,Inuvik,CA,68.3499,-133.7218,-4.94,77,90,14.97,mist
26,Olga,RU,43.7444,135.2892,18.95,45,0,26.8,clear sky
27,Avarua,CK,-21.2078,-159.775,75.25,88,75,13.8,moderate rain
28,Albany,US,42.6001,-73.9662,40.08,54,0,1.99,clear sky
29,Boca Do Acre,BR,-8.7522,-67.3978,74.61,98,100,2.91,overcast clouds
30,Buala,SB,-8.145,159.5921,85.03,78,65,9.04,light rain
31,Kaduy,RU,59.2,37.15,21.24,97,100,9.44,snow
32,Dikson,RU,73.5069,80.5464,-17.27,96,81,17.94,broken clouds
33,Taunggyi,MM,20.7833,97.0333,69.55,51,14,6.62,few clouds
34,Sao Joao Da Barra,BR,-21.6403,-41.0511,75.2,93,100,14.67,overcast clouds
35,Sur,OM,22.5667,59.5289,73.89,57,22,8.55,few clouds
36,Jamestown,US,42.097,-79.2353,38.71,57,4,10.0,clear sky
37,Saint-Philippe,RE,-21.3585,55.7679,81.21,76,37,10.58,scattered clouds
38,Dankov,RU,53.2515,39.1555,19.35,73,100,11.68,overcast clouds
39,Butaritari,KI,3.0707,172.7902,82.18,76,22,16.13,few clouds
40,Mount Gambier,AU,-37.8333,140.7667,66.11,55,40,13.8,light rain
41,Port Alfred,ZA,-33.5906,26.891,72.46,93,100,12.21,overcast clouds
42,Costinesti,RO,43.95,28.6333,41.02,79,100,14.97,overcast clouds
43,Mataura,NZ,-46.1927,168.8643,61.48,37,16,7.49,few clouds
44,Vao,NC,-22.6667,167.4833,76.42,91,100,16.67,moderate rain
45,Ponta Delgada,PT,37.7333,-25.6667,56.5,76,20,9.22,few clouds
46,Shenjiamen,CN,29.9576,122.298,50.09,56,10,14.72,clear sky
47,Ribeira Grande,PT,38.5167,-28.7,58.62,55,100,12.5,overcast clouds
48,Torit,SS,4.4133,32.5678,72.88,43,73,3.38,broken clouds
49,Bethel,US,41.3712,-73.414,41.2,60,0,1.01,clear sky
50,San Quintin,MX,30.4833,-115.95,50.43,79,1,2.13,clear sky
51,Tuktoyaktuk,CA,69.4541,-133.0374,-7.6,77,75,18.41,light snow
52,Bentiu,SS,9.2333,29.8333,73.53,31,99,4.0,overcast clouds
53,Chuy,UY,-33.6971,-53.4616,64.22,85,17,7.05,light rain
54,Lagoa,PT,39.05,-27.9833,58.48,53,100,17.87,overcast clouds
55,Labuhan,ID,-6.8844,112.2051,87.69,62,23,6.2,few clouds
56,Kruisfontein,ZA,-34.0033,24.7314,66.88,98,100,5.06,overcast clouds
57,Cabo San Lucas,MX,22.8909,-109.9124,73.15,76,58,4.34,broken clouds
58,Bengkulu,ID,-3.8004,102.2655,84.22,65,49,5.06,scattered clouds
59,Saint George,US,37.1041,-113.5841,42.8,60,14,4.0,few clouds
60,Taitung,TW,22.7583,121.1444,75.47,57,75,10.36,broken clouds
61,Bubaque,GW,11.2833,-15.8333,80.83,70,33,9.89,scattered clouds
62,Talnakh,RU,69.4865,88.3972,-27.8,80,34,1.41,scattered clouds
63,Narsaq,GL,60.9167,-46.05,13.44,75,96,2.51,overcast clouds
64,Endwell,US,42.1129,-76.021,38.71,60,0,8.99,clear sky
65,Hobart,AU,-42.8794,147.3294,79.02,45,0,1.01,clear sky
66,Faanui,PF,-16.4833,-151.75,81.34,70,100,8.99,overcast clouds
67,Cockburn Town,TC,21.4612,-71.1419,79.93,74,0,21.27,clear sky
68,East London,ZA,-33.0153,27.9116,70.74,78,0,10.36,clear sky
69,Atuona,PF,-9.8,-139.0333,79.07,79,51,17.85,light rain
70,Dudinka,RU,69.4058,86.1778,-27.38,95,27,5.14,scattered clouds
71,Victoria,HK,22.2855,114.1577,71.04,67,0,1.99,clear sky
72,Nikolskoye,RU,59.7035,30.7861,25.81,98,100,3.18,snow
73,Lebu,CL,-37.6167,-73.65,50.43,85,91,8.03,overcast clouds
74,Saurimo,AO,-9.6608,20.3916,64.27,98,100,1.68,overcast clouds
75,Faya,SA,18.3851,42.4509,42.91,39,0,3.44,clear sky
76,Havre-Saint-Pierre,CA,50.2334,-63.5986,30.79,54,75,31.07,broken clouds
77,Saskylakh,RU,71.9167,114.0833,-44.57,100,75,3.33,broken clouds
78,Saint-Leu,RE,-21.15,55.2833,80.67,70,6,6.91,clear sky
79,Vaini,TO,-21.2,-175.2,78.19,77,16,17.13,light rain
80,Pa Sang,TH,18.5262,98.9394,81.48,57,5,0.87,clear sky
81,Huarmey,PE,-10.0681,-78.1522,67.24,85,57,6.26,broken clouds
82,Gondanglegi,ID,-7.7479,112.0132,89.17,59,13,9.26,few clouds
83,Oranjemund,NA,-28.55,16.4333,60.15,95,9,4.54,clear sky
84,Chapais,CA,49.7834,-74.8492,29.98,95,100,13.06,light snow
85,Coihaique,CL,-45.5752,-72.0662,49.95,76,75,5.75,broken clouds
86,Tessalit,ML,20.1986,1.0114,66.47,10,70,7.83,broken clouds
87,Kutum,SD,14.2,24.6667,61.77,38,30,5.41,scattered clouds
88,Tuatapere,NZ,-46.1333,167.6833,61.83,57,67,7.18,broken clouds
89,Broken Hill,AU,-31.95,141.4333,94.3,10,58,7.36,broken clouds
90,Gurlan,UZ,41.8447,60.3919,30.27,83,99,8.9,overcast clouds
91,Basco,PH,20.4487,121.9702,76.42,70,45,24.4,scattered clouds
92,Katobu,ID,-4.9408,122.5276,88.7,60,99,4.21,overcast clouds
93,Fortuna Foothills,US,32.6578,-114.4119,53.22,40,1,2.39,clear sky
94,Hilo,US,19.7297,-155.09,72.81,1,71,7.76,broken clouds
95,Meulaboh,ID,4.1363,96.1285,81.88,77,67,4.74,broken clouds
96,Staryy Nadym,RU,65.6118,72.6842,-25.47,100,63,2.17,broken clouds
97,Cidreira,BR,-30.1811,-50.2056,71.08,94,1,10.71,clear sky
98,Arraial Do Cabo,BR,-22.9661,-42.0278,75.09,95,100,10.18,overcast clouds
99,Severo-Kurilsk,RU,50.6789,156.125,33.04,82,44,2.95,scattered clouds
100,Mitsamiouli,KM,-11.3847,43.2844,79.09,73,20,3.44,few clouds
101,Georgetown,MY,5.4112,100.3354,87.89,71,20,1.01,few clouds
102,Ushuaia,AR,-54.8,-68.3,34.77,91,81,3.13,broken clouds
103,New Norfolk,AU,-42.7826,147.0587,78.66,23,3,3.6,clear sky
104,Simplicio Mendes,BR,-7.8539,-41.9103,80.13,54,99,3.65,overcast clouds
105,Katsuura,JP,35.1333,140.3,59.11,42,39,13.06,scattered clouds
106,Santa Maria,BR,-29.6842,-53.8069,70.9,88,0,3.44,clear sky
107,Kropotkin,RU,45.4375,40.5756,39.42,76,100,14.81,overcast clouds
108,Puerto Ayora,EC,-0.7393,-90.3518,68.56,96,91,1.99,overcast clouds
109,Ilulissat,GL,69.2167,-51.1,15.82,67,33,1.14,scattered clouds
110,Bom Jesus,BR,-9.0744,-44.3586,73.08,87,97,1.59,overcast clouds
111,Pontes E Lacerda,BR,-15.2261,-59.3353,72.68,98,100,2.64,overcast clouds
112,Salalah,OM,17.0151,54.0924,70.45,50,0,11.1,clear sky
113,Tiksi,RU,71.6872,128.8694,-19.16,100,100,1.32,overcast clouds
114,Lata,PT,40.1629,-8.3327,55.81,86,9,4.47,clear sky
115,Clyde River,CA,70.4692,-68.5914,-18.06,99,91,4.74,overcast clouds
116,Mehamn,NO,71.0357,27.8492,31.91,95,100,7.09,light snow
117,Obsharovka,RU,53.125,48.8531,16.16,76,15,4.56,few clouds
118,Hovd,MN,48.0056,91.6419,13.28,59,71,1.21,broken clouds
119,Champerico,GT,14.3,-91.9167,81.03,77,0,4.72,clear sky
120,Feijo,BR,-8.1642,-70.3536,73.27,99,96,2.57,overcast clouds
121,Barrow,US,71.2906,-156.7887,-14.78,76,1,10.36,clear sky
122,Margate,GB,51.3813,1.3862,51.96,80,100,4.0,overcast clouds
123,Bardiyah,LY,31.7561,25.0865,58.39,79,0,9.08,clear sky
124,Haines Junction,CA,60.7522,-137.5108,-10.21,98,100,3.42,overcast clouds
125,Pringsewu,ID,-5.3582,104.9744,88.83,58,62,2.35,broken clouds
126,Bisira,PA,8.5196,-81.7115,56.97,94,71,5.5,broken clouds
127,Deputatskiy,RU,69.3,139.9,-38.16,100,37,2.04,scattered clouds
128,The Valley,AI,18.217,-63.0578,81.1,75,54,23.17,broken clouds
129,Grand Gaube,MU,-20.0064,57.6608,82.38,65,6,5.99,clear sky
130,Alice Springs,AU,-23.7,133.8833,94.55,15,45,4.61,scattered clouds
131,Mahebourg,MU,-20.4081,57.7,81.25,78,75,6.91,broken clouds
132,Hasaki,JP,35.7333,140.8333,55.29,31,54,16.33,broken clouds
133,Provideniya,RU,64.3833,-173.3,-8.64,70,59,15.66,broken clouds
134,Upata,VE,8.0086,-62.3989,72.19,98,100,2.57,overcast clouds
135,Tasiilaq,GL,65.6145,-37.6368,33.96,91,100,4.52,overcast clouds
136,Powell River,CA,49.8496,-124.5361,42.01,82,100,8.05,overcast clouds
137,Pachino,IT,36.7186,15.0907,39.24,70,26,4.83,scattered clouds
138,Torbay,CA,47.6666,-52.7314,37.67,78,100,11.01,overcast clouds
139,Pevek,RU,69.7008,170.3133,-32.49,96,10,1.92,clear sky
140,Hami,CN,42.8,93.45,24.58,39,40,2.39,scattered clouds
141,Sobolevo,RU,54.4299,31.8996,31.6,99,100,4.43,snow
142,Shelburne,CA,44.0787,-80.2041,37.53,74,59,21.7,broken clouds
143,La Ronge,CA,55.1001,-105.2842,5.31,97,100,1.95,overcast clouds
144,Carutapera,BR,-1.195,-46.02,79.27,84,43,7.16,scattered clouds
145,Kavieng,PG,-2.5744,150.7967,83.19,76,92,9.42,moderate rain
146,Husavik,IS,66.0449,-17.3389,30.58,78,95,16.75,overcast clouds
147,Kharan,PK,28.5833,65.4167,54.36,21,0,4.9,clear sky
148,San Patricio,US,28.017,-97.5169,64.26,78,3,4.92,clear sky
149,Padang,ID,-0.9492,100.3543,79.61,86,100,4.12,overcast clouds
150,Valparaiso,CL,-33.0393,-71.6273,56.84,62,0,5.75,clear sky
151,San Fernando,PH,15.0286,120.6898,87.84,51,67,9.93,broken clouds
152,Kloulklubed,PW,7.0419,134.2556,83.12,80,97,14.7,overcast clouds
153,Bambous Virieux,MU,-20.3428,57.7575,81.21,78,75,6.91,broken clouds
154,Carnarvon,AU,-24.8667,113.6333,77.47,56,1,19.51,clear sky
155,Miass,RU,55.045,60.1083,9.55,86,35,4.29,scattered clouds
156,Ghanzi,BW,-21.5667,21.7833,67.41,77,92,3.91,overcast clouds
157,Port Elizabeth,ZA,-33.918,25.5701,70.09,94,75,4.61,light rain
158,Mumbwa,ZM,-14.9783,27.0619,73.49,38,86,8.57,overcast clouds
159,Naze,JP,28.3667,129.4833,59.67,66,94,15.99,overcast clouds
160,Stephenville,US,32.2207,-98.2023,48.16,47,1,8.05,clear sky
161,Fairbanks,US,64.8378,-147.7164,-12.78,67,99,0.65,overcast clouds
162,Chunskiy,RU,56.0815,99.6342,9.54,92,99,6.44,overcast clouds
163,Souillac,MU,-20.5167,57.5167,80.37,78,75,6.91,broken clouds
164,Goderich,CA,43.7501,-81.7165,43.12,61,74,24.16,broken clouds
165,Gloversville,US,43.0528,-74.3438,39.11,67,1,1.99,clear sky
166,Sayyan,YE,15.1718,44.3244,41.58,52,0,3.83,clear sky
167,Halifax,CA,44.6453,-63.5724,38.41,68,0,5.01,clear sky
168,Inirida,CO,3.8653,-67.9239,73.9,91,87,2.39,overcast clouds
169,Samarai,PG,-10.6167,150.6667,84.16,76,100,14.56,light rain
170,Fort-Shevchenko,KZ,44.5086,50.263,27.37,76,0,17.56,clear sky
171,Lipin Bor,RU,60.2622,37.9763,26.55,97,100,9.53,snow
172,Grand-Santi,GF,4.25,-54.3833,73.22,100,100,1.88,overcast clouds
173,Kostomuksha,RU,64.571,30.5767,22.77,97,100,3.85,overcast clouds
174,Sernur,RU,56.9333,49.1536,11.39,83,87,9.44,overcast clouds
175,Pacific Grove,US,36.6177,-121.9166,53.71,85,90,5.01,overcast clouds
176,Guapimirim,BR,-22.5372,-42.9819,74.59,96,100,4.76,overcast clouds
177,Vila Franca Do Campo,PT,37.7167,-25.4333,56.19,58,100,12.5,overcast clouds
178,Sibolga,ID,1.7427,98.7792,78.82,87,100,3.24,overcast clouds
179,Akyab,MM,20.15,92.9,77.97,50,2,5.75,clear sky
180,Chokurdakh,RU,70.6333,147.9167,-36.33,97,100,2.04,overcast clouds
181,Acarau,BR,-2.8856,-40.12,80.42,79,91,14.2,overcast clouds
182,Adre,TD,13.4667,22.2,65.98,28,75,8.79,broken clouds
183,Sfantu Gheorghe,RO,45.8667,25.7833,41.27,96,100,3.8,overcast clouds
184,Bredasdorp,ZA,-34.5322,20.0403,58.28,92,99,3.62,overcast clouds
185,Beipiao,CN,41.7919,120.7792,29.8,22,0,10.51,clear sky
186,Nouadhibou,MR,20.931,-17.0347,62.58,67,33,19.57,scattered clouds
187,Kaitangata,NZ,-46.2817,169.8464,63.93,69,44,7.4,scattered clouds
188,Ugoofaaru,MV,5.6667,73.0,80.73,80,84,13.85,broken clouds
189,Dwarka,IN,22.2394,68.9678,75.25,48,0,9.69,clear sky
190,Furano,JP,43.2818,142.4743,24.3,86,100,18.92,snow
191,Cairns,AU,-16.9167,145.7667,90.95,64,40,12.66,scattered clouds
192,Egvekinot,RU,66.3167,-179.1667,-20.24,76,17,7.34,few clouds
193,Hervey Bay,AU,-25.2986,152.8535,84.31,65,34,16.84,scattered clouds
194,Bowen,AU,-20.0167,148.2333,88.02,58,18,22.19,few clouds
195,Maralal,KE,1.0968,36.698,57.65,80,70,5.77,broken clouds
196,Srednekolymsk,RU,67.45,153.6833,-31.16,95,99,2.66,overcast clouds
197,Talakan,RU,50.3167,130.3667,-0.17,83,83,3.36,broken clouds
198,Namatanai,PG,-3.6667,152.4333,86.25,67,96,6.6,light rain
199,Petropavlovsk-Kamchatskiy,RU,53.0452,158.6483,32.59,51,0,13.42,clear sky
200,Looc,PH,12.2605,121.9926,84.0,70,51,16.2,broken clouds
201,Dunedin,NZ,-45.8742,170.5036,61.05,72,92,11.54,overcast clouds
202,Ahipara,NZ,-35.1667,173.1667,68.34,96,100,6.53,light rain
203,Paka,MY,4.6374,103.4368,81.82,74,52,12.84,broken clouds
204,Palu,ID,-0.8917,119.8707,90.7,58,87,5.37,overcast clouds
205,Nortelandia,BR,-14.4547,-56.8028,73.35,98,100,7.94,moderate rain
206,Saint-Andre-Les-Vergers,FR,48.2853,4.0521,45.09,100,90,3.44,overcast clouds
207,Gladstone,AU,-23.85,151.25,87.78,45,40,17.27,scattered clouds
208,Sabang,ID,5.8933,95.3214,82.15,72,42,18.92,scattered clouds
209,Gorontalo,ID,0.5412,123.0595,86.88,73,95,4.65,overcast clouds
210,Portland,US,45.5234,-122.6762,42.73,93,90,1.01,moderate rain
211,Isangel,VU,-19.55,169.2667,86.11,79,75,5.75,moderate rain
212,Ostrovnoy,RU,68.0531,39.5131,28.49,92,100,13.38,overcast clouds
213,Karacakoy,TR,41.4029,28.3834,53.64,92,100,6.53,light rain
214,La Asuncion,VE,11.0333,-63.8628,65.93,100,53,9.22,broken clouds
215,Tateyama,JP,34.9833,139.8667,57.15,48,34,12.3,scattered clouds
216,Chake Chake,TZ,-5.2459,39.7666,76.8,83,18,2.35,light rain
217,Ust-Kulom,RU,61.6864,53.6902,-4.81,99,83,3.53,broken clouds
218,Revda,RU,56.801,59.9303,11.21,77,100,6.91,overcast clouds
219,Pascagoula,US,30.3658,-88.5561,45.55,96,3,6.98,clear sky
220,Codrington,AU,-38.2667,141.9667,68.25,61,100,20.96,light rain
221,Yellowknife,CA,62.456,-114.3525,6.57,84,100,5.01,overcast clouds
222,Villiers,ZA,-27.0303,28.6006,60.98,91,100,5.73,light rain
223,Richards Bay,ZA,-28.783,32.0377,76.77,74,100,6.91,overcast clouds
224,Kenai,US,60.5544,-151.2583,-9.18,91,3,6.38,clear sky
225,La Libertad,EC,-2.2333,-80.9,70.47,85,100,6.96,overcast clouds
226,Burns Lake,CA,54.2331,-125.7533,19.35,92,100,1.97,overcast clouds
227,Pangnirtung,CA,66.1451,-65.7125,-4.79,71,82,6.38,broken clouds
228,Zemetchino,RU,53.4973,42.6163,22.3,68,100,11.3,overcast clouds
229,Saldanha,ZA,-33.0117,17.9442,60.85,93,3,13.98,clear sky
230,Mogadishu,SO,2.0371,45.3438,79.63,80,84,16.53,light rain
231,Sioux Lookout,CA,50.1001,-91.917,32.38,86,90,6.91,overcast clouds
232,Karratha,AU,-20.7377,116.8463,99.57,23,3,12.55,clear sky
233,Kolondieba,ML,11.0882,-6.8926,71.47,25,2,1.88,clear sky
234,Caraballeda,VE,10.6112,-66.8522,79.38,80,90,4.43,overcast clouds
235,Novyy Urengoy,RU,66.0833,76.6333,-26.82,93,13,7.09,few clouds
236,Guerrero Negro,MX,27.9769,-114.0611,60.51,70,94,8.57,overcast clouds
237,Huanren,CN,41.2647,125.3667,23.5,35,0,4.38,clear sky
238,Adrar,MR,20.5022,-10.0711,63.25,18,24,10.04,few clouds
239,Hofn,IS,64.2539,-15.2082,36.95,86,96,5.82,overcast clouds
240,Nanortalik,GL,60.1432,-45.2371,26.56,72,100,14.05,overcast clouds
241,Kodiak,US,57.79,-152.4072,11.05,79,15,19.8,few clouds
242,Olafsvik,IS,64.8945,-23.7142,40.46,96,100,17.0,overcast clouds
243,Basoko,CD,1.2391,23.616,72.1,91,95,2.3,overcast clouds
244,Kattivakkam,IN,13.2167,80.3167,84.07,83,95,18.48,overcast clouds
245,Nogliki,RU,51.8333,143.1667,24.71,87,96,24.05,overcast clouds
246,Kirakira,SB,-10.4544,161.9205,84.45,81,99,10.8,moderate rain
247,Aykhal,RU,66.0,111.5,-49.59,99,80,5.7,broken clouds
248,Ak-Dovurak,RU,51.1833,90.6,0.32,89,88,1.57,overcast clouds
249,Auki,SB,-8.7676,160.7034,82.87,86,88,12.3,overcast clouds
250,Esperance,AU,-33.8667,121.9,66.34,44,84,9.44,broken clouds
251,Rosarito,MX,32.3333,-117.0333,55.24,69,3,1.83,clear sky
252,Rotifunk,SL,8.2333,-12.6833,74.17,96,4,1.54,light rain
253,Khatanga,RU,71.9667,102.5,-40.0,96,87,6.44,overcast clouds
254,Zambezi,ZM,-13.5432,23.1047,66.7,88,80,4.29,broken clouds
255,Hithadhoo,MV,-0.6,73.0833,81.77,76,98,11.14,overcast clouds
256,Esso,RU,55.9333,158.7,18.91,88,100,2.73,overcast clouds
257,Barinas,VE,8.6226,-70.2075,78.84,69,55,2.3,broken clouds
258,Port Lincoln,AU,-34.7333,135.8667,64.08,55,100,14.74,overcast clouds
259,Prince Albert,CA,53.2001,-105.7677,1.38,100,64,5.59,broken clouds
260,Scarborough,GB,54.2797,-0.4044,52.09,88,95,5.99,overcast clouds
261,Carlsbad,US,33.1581,-117.3506,55.98,86,3,1.99,clear sky
262,Cartagena,CO,10.3997,-75.5144,78.31,83,82,14.52,broken clouds
263,College,US,64.8569,-147.8028,-12.8,64,99,0.69,overcast clouds
264,Hirara,JP,24.8,125.2833,69.89,74,99,29.66,overcast clouds
265,Severo-Yeniseyskiy,RU,60.3725,93.0408,-15.38,100,85,2.39,overcast clouds
266,Marand,IR,38.4329,45.7749,28.74,52,13,1.16,few clouds
267,Yulara,AU,-25.2406,130.9889,87.64,29,42,11.5,scattered clouds
268,Kimbe,PG,-5.5502,150.1429,83.28,84,97,4.72,moderate rain
269,Griffith,US,41.5284,-87.4237,43.99,65,1,5.01,clear sky
270,Mumford,GH,5.2618,-0.759,79.5,86,83,7.31,broken clouds
271,Klaksvik,FO,62.2266,-6.589,38.32,98,100,29.64,overcast clouds
272,Cherskiy,RU,68.75,161.3,-36.92,99,97,0.38,overcast clouds
273,Diego De Almagro,CL,-26.3667,-70.05,59.4,50,0,3.67,clear sky
274,Mandera,KE,3.9366,41.867,79.29,64,86,11.74,overcast clouds
275,Eldorado,BR,-23.7869,-54.2836,70.72,92,100,4.21,overcast clouds
276,Mackay,AU,-21.15,149.2,89.69,62,48,17.11,scattered clouds
277,Westport,US,41.1415,-73.3579,44.1,58,0,5.01,clear sky
278,Grindavik,IS,63.8424,-22.4338,41.47,87,75,16.11,broken clouds
279,Ambovombe,MG,-25.1667,46.0833,77.45,57,1,7.27,clear sky
280,Umm Kaddadah,SD,13.6017,26.6876,67.26,39,6,11.21,clear sky
281,Kualakapuas,ID,-3.0091,114.3876,84.36,85,92,2.53,overcast clouds
282,Dalvik,IS,65.9702,-18.5286,34.0,72,91,10.4,overcast clouds
283,Altamira,BR,-3.2033,-52.2064,73.63,97,100,0.76,overcast clouds
284,Rochegda,RU,62.8,43.25,18.55,95,99,5.66,light snow
285,Kannangad,IN,12.3081,75.1063,81.46,62,98,6.02,overcast clouds
286,Fianarantsoa,MG,-21.4333,47.0833,64.24,74,43,6.2,scattered clouds
287,Surt,LY,31.2089,16.5887,56.98,68,36,13.67,scattered clouds
288,Geri,CY,35.1,33.4167,64.33,82,0,0.0,clear sky
289,Sarlat-La-Caneda,FR,44.889,1.2166,39.87,93,59,2.89,broken clouds
290,Yangambi,CD,0.8102,24.4336,68.7,97,94,1.05,overcast clouds
291,Nyurba,RU,63.2842,118.3319,-17.81,96,100,7.16,overcast clouds
292,Tecoanapa,MX,16.5167,-98.75,77.67,74,0,3.0,clear sky
293,Matamoros,MX,25.5333,-103.25,61.11,43,100,1.54,overcast clouds
294,Celestun,MX,20.8667,-90.4,77.45,76,13,11.03,few clouds
295,Vanimo,PG,-2.6741,141.3028,85.42,72,100,5.12,heavy intensity rain
296,Bud,US,39.447,-86.1758,39.25,68,24,8.81,few clouds
297,Sovetskiy,RU,61.3614,63.5842,6.94,96,94,2.37,overcast clouds
298,Villavieja,ES,39.85,-0.1833,50.54,87,16,3.71,few clouds
299,Port Shepstone,ZA,-30.7414,30.455,73.83,88,100,4.76,overcast clouds
300,Norden,DE,53.6,7.2,50.92,97,100,13.8,overcast clouds
301,Moussoro,TD,13.6408,16.4901,68.86,18,89,10.51,overcast clouds
302,Sorong,ID,-0.8833,131.25,84.22,74,100,4.9,overcast clouds
303,Bilma,NE,18.6853,12.9164,59.97,14,15,8.86,few clouds
304,Kasongo-Lunda,CD,-6.4667,16.8167,69.85,99,100,1.72,light rain
305,Presidencia Roque Saenz Pena,AR,-26.7852,-60.4388,76.14,65,96,6.85,light rain
306,Maues,BR,-3.3836,-57.7186,74.8,98,100,2.28,overcast clouds
307,Pacifica,US,37.6138,-122.4869,54.61,93,90,7.0,light rain
308,Yumen,CN,40.2833,97.2,26.4,27,7,27.34,clear sky
309,Uyemskiy,RU,64.4743,40.8524,10.45,92,75,6.71,light snow
310,Kasongo,CD,-4.45,26.6667,67.82,97,100,2.44,overcast clouds
311,Bahar,IR,34.9072,48.4414,36.28,29,62,1.41,broken clouds
312,Meridian,US,43.6121,-116.3915,45.14,72,90,3.0,overcast clouds
313,Tangier,MA,35.7806,-5.8137,58.35,77,0,17.27,clear sky
314,Bela,IN,25.9333,81.9833,65.28,43,2,1.21,clear sky
315,Hambantota,LK,6.1241,81.1185,79.14,100,75,9.22,broken clouds
316,Porto Novo,BJ,6.4965,2.6036,82.22,89,54,4.9,broken clouds
317,Belaya Gora,RU,68.5333,146.4167,-47.54,100,99,1.23,overcast clouds
318,Nokaneng,BW,-19.6667,22.2667,71.26,72,100,3.53,overcast clouds
319,Viloco,BO,-16.95,-67.55,48.76,80,83,0.4,broken clouds
320,Yarmouth,US,41.7057,-70.2286,45.01,55,1,8.05,clear sky
321,Pombas,CV,17.1503,-25.0201,71.38,75,89,14.41,overcast clouds
322,Iqaluit,CA,63.7506,-68.5145,4.69,65,100,5.01,overcast clouds
323,Odessa,UA,46.4775,30.7326,46.33,100,90,8.95,mist
324,Methoni,GR,36.8197,21.7049,51.22,69,67,21.45,broken clouds
325,Vrangel,RU,42.7297,133.0839,22.3,39,0,19.33,clear sky
326,Rio Gallegos,AR,-51.6226,-69.2181,41.76,57,6,20.6,clear sky
327,Morondava,MG,-20.2833,44.2833,81.45,73,1,4.03,clear sky
328,Tyrma,RU,50.0833,132.1667,2.37,87,86,5.19,overcast clouds
329,Necochea,AR,-38.5473,-58.7368,58.03,62,43,7.0,light rain
330,Kudahuvadhoo,MV,2.6708,72.8944,80.51,76,99,4.38,overcast clouds
331,Kaeo,NZ,-35.1,173.7833,72.32,94,100,6.87,light rain
332,Oia,PT,40.5426,-8.5386,54.12,92,16,5.66,few clouds
333,Sao Felix Do Xingu,BR,-6.6447,-51.995,72.84,99,100,1.72,overcast clouds
334,Ancud,CL,-41.8697,-73.8203,49.42,81,100,3.89,overcast clouds
335,Likasi,CD,-10.9814,26.7333,61.57,84,81,1.83,broken clouds
336,Mayo,US,38.8876,-76.5119,42.24,51,1,1.01,clear sky
337,Batemans Bay,AU,-35.7167,150.1833,87.19,60,1,8.01,clear sky
338,Merauke,ID,-8.4667,140.3333,77.88,90,100,20.0,overcast clouds
339,Baraki Barak,AF,33.9675,68.9486,37.62,24,68,1.66,broken clouds
340,Beira,MZ,-19.8436,34.8389,78.89,89,20,3.44,few clouds
341,Urumqi,CN,43.801,87.6005,9.55,79,77,2.24,broken clouds
342,Moron,AR,-34.6534,-58.6198,76.75,92,96,4.18,light rain
343,Khorramabad,IR,33.4878,48.3558,45.88,25,66,4.92,broken clouds
344,Cochrane,CA,51.1834,-114.4687,22.69,58,0,8.59,clear sky
345,Saint-Francois,FR,46.4154,3.9054,42.24,93,90,4.61,overcast clouds
346,Dryden,CA,49.7833,-92.7503,32.29,80,90,8.05,light snow
347,Lompoc,US,34.6391,-120.4579,52.12,85,1,3.0,clear sky
348,Nazca,PE,-14.8333,-74.95,69.17,79,13,3.83,few clouds
349,Ron Phibun,TH,8.1791,99.8542,84.38,64,71,9.08,broken clouds
350,Beringovskiy,RU,63.05,179.3167,-4.31,98,100,10.96,light snow
351,Hamilton,US,39.1834,-84.5333,39.24,69,20,5.75,few clouds
352,Te Anau,NZ,-45.4167,167.7167,70.45,49,83,1.23,moderate rain
353,Conceicao Do Araguaia,BR,-8.2578,-49.2647,74.07,94,100,1.23,overcast clouds
354,Broome,US,42.2506,-75.833,38.66,61,0,4.0,clear sky
355,Luwuk,ID,-0.9516,122.7875,86.86,72,60,2.33,broken clouds
356,Okhotsk,RU,59.3833,143.3,5.27,75,100,16.31,overcast clouds
357,Coquimbo,CL,-29.9533,-71.3436,59.94,79,5,2.86,clear sky
358,Geraldton,AU,-28.7667,114.6,79.21,44,0,13.8,clear sky
359,Mount Isa,AU,-20.7333,139.5,103.77,8,0,4.61,clear sky
360,High Prairie,CA,55.4334,-116.4858,6.06,91,100,5.03,overcast clouds
361,Lavrentiya,RU,65.5833,-171.0,-15.3,91,66,4.36,broken clouds
362,Kuching,MY,1.55,110.3333,88.02,66,40,8.05,scattered clouds
363,Moindou,NC,-21.6924,165.677,76.95,94,100,2.35,moderate rain
364,Ambilobe,MG,-13.2,49.05,79.63,61,1,3.71,clear sky
365,Padre Bernardo,BR,-15.35,-48.5,70.88,92,100,1.81,moderate rain
366,Brigham City,US,41.5102,-112.0155,40.66,57,90,0.0,overcast clouds
367,Porto Velho,BR,-8.7619,-63.9039,77.05,94,20,2.3,few clouds
368,Sao Gabriel,BR,-30.3364,-54.32,75.58,60,60,11.83,broken clouds
369,Lorengau,PG,-2.0226,147.2712,85.3,75,100,13.06,overcast clouds
370,Bowling Green,US,36.9903,-86.4436,38.71,66,0,4.56,clear sky
371,Gamba,GA,-2.65,10.0,75.85,91,100,1.9,light rain
372,Dalbandin,PK,28.8947,64.4101,51.3,26,0,3.94,clear sky
373,Outlook,CA,51.5001,-107.0513,8.37,97,48,4.47,scattered clouds
374,Vestmanna,FO,62.1564,-7.1664,36.52,93,90,23.02,overcast clouds
375,Lesnoy,RU,57.6198,63.0784,16.0,77,47,8.39,scattered clouds
376,Ravar,IR,31.2656,56.8055,45.46,35,0,2.44,clear sky
377,Nhulunbuy,AU,-12.2333,136.7667,95.61,38,40,4.61,scattered clouds
378,Manokwari,ID,-0.8667,134.0833,84.69,72,90,4.16,overcast clouds
379,Kiama,AU,-34.6833,150.8667,82.0,60,3,1.99,clear sky
380,Amga,RU,60.8953,131.9608,-14.62,94,100,2.19,overcast clouds
381,Manavgat,TR,36.7867,31.4431,59.83,59,14,5.03,few clouds
382,Cayenne,GF,4.9333,-52.3333,78.1,91,75,1.01,broken clouds
383,Alofi,NU,-19.0595,-169.9187,80.49,74,75,4.61,broken clouds
384,Ossora,RU,59.2353,163.0719,9.07,91,100,29.44,snow
385,Posse,BR,-14.0931,-46.3694,68.99,95,100,6.22,overcast clouds
386,Longyearbyen,SJ,78.2186,15.6401,24.89,92,95,8.95,overcast clouds
387,Araouane,ML,18.9048,-3.5265,67.46,11,92,9.89,overcast clouds
388,Skjervoy,NO,70.0311,20.9714,36.46,99,100,10.0,light rain
389,Paamiut,GL,61.994,-49.6678,13.73,79,57,5.7,broken clouds
390,Pierreville,CA,46.0703,-72.8112,41.25,69,55,20.31,broken clouds
391,Saint-Georges,GD,12.0564,-61.7485,78.37,85,97,13.2,overcast clouds
392,Medea,DZ,36.2642,2.7539,30.65,69,0,4.81,clear sky
393,Honiara,SB,-9.4333,159.95,86.83,70,48,5.82,scattered clouds
394,Roma,US,43.2128,-75.4557,41.85,56,1,11.01,clear sky
395,Bairiki,KI,1.3292,172.9752,82.17,74,63,17.11,broken clouds
396,Teguise,ES,29.0605,-13.564,57.42,82,0,9.22,clear sky
397,Adeje,ES,28.1227,-16.726,66.56,60,20,1.99,few clouds
398,Kieta,PG,-6.2167,155.6333,84.49,78,100,3.74,light rain
399,Nipawin,CA,53.3668,-104.0009,12.24,92,90,6.91,overcast clouds
400,Tongliao,CN,43.6125,122.2653,27.41,70,0,15.05,clear sky
401,Dingle,PH,10.9995,122.6711,82.15,82,89,12.73,overcast clouds
402,Tura,IN,25.5198,90.2201,70.7,51,0,0.81,clear sky
403,Flinders,AU,-34.5833,150.8552,75.2,62,4,8.7,clear sky
404,Aitape,PG,-3.1374,142.3475,84.29,73,100,1.59,light rain
405,Inta,RU,66.0317,60.1659,5.97,94,97,7.2,overcast clouds
406,Novobirilyussy,RU,56.9514,90.6661,-1.7,97,98,4.76,overcast clouds
407,Tootsi,EE,58.5781,24.7925,32.67,86,100,3.09,overcast clouds
408,Zemes,RO,46.5833,26.4167,32.29,82,100,2.59,overcast clouds
409,Palmerston North,NZ,-40.35,175.6167,78.51,71,96,2.64,light rain
410,Bayan,CN,46.0833,127.4,14.25,75,82,11.9,broken clouds
411,Bonnyville,CA,54.2668,-110.735,19.2,100,83,2.44,broken clouds
412,Fortuna,US,40.5982,-124.1573,49.66,89,90,3.0,overcast clouds
413,Cavalcante,BR,-13.7975,-47.4583,69.75,94,100,0.27,heavy intensity rain
414,Villa Rica,US,33.7321,-84.9191,44.38,71,0,3.74,clear sky
415,Gushikawa,JP,26.3544,127.8686,67.23,82,90,11.5,overcast clouds
416,Protvino,RU,54.8664,37.2178,27.32,88,100,8.32,overcast clouds
417,Dese,ET,11.1333,39.6333,45.12,80,60,3.09,broken clouds
418,Maromitsa,RU,59.8683,48.0123,11.17,93,100,7.85,overcast clouds
419,Biltine,TD,14.5333,20.9167,71.71,21,92,7.14,overcast clouds
420,Tayport,GB,56.447,-2.8797,44.82,73,96,17.52,overcast clouds
421,Marquette,US,46.5333,-87.6335,35.76,60,100,10.85,overcast clouds
422,Riyadh,SA,24.6877,46.7219,46.54,31,58,5.14,broken clouds
423,Raudeberg,NO,61.9875,5.1352,45.27,79,100,1.01,overcast clouds
424,Chicama,PE,-7.8447,-79.1469,67.37,79,80,4.12,broken clouds
425,Chara,RU,56.9064,118.2631,-5.44,90,100,0.85,overcast clouds
426,Cascioarele,RO,44.1261,26.4697,37.56,69,100,10.87,overcast clouds
427,Pontian Kecil,MY,1.4801,103.3899,84.27,69,99,8.75,overcast clouds
428,Mizan Teferi,ET,6.9833,35.5833,61.83,55,83,2.86,broken clouds
429,Grand Junction,US,39.0639,-108.5507,30.43,70,13,3.0,few clouds
430,Japura,ID,-0.3167,102.35,83.28,75,98,4.29,light rain
431,Praia Da Vitoria,PT,38.7333,-27.0667,53.76,76,99,16.62,overcast clouds
432,Alexandria,EG,31.2156,29.9553,61.34,82,40,3.44,scattered clouds
433,Pontianak,ID,-0.0333,109.3333,80.58,89,75,4.61,light rain
434,Carmen,MX,18.6333,-91.8333,78.39,78,75,8.34,broken clouds
435,Oktyabrskiy,RU,54.4815,53.471,9.77,90,24,4.47,few clouds
436,Turayf,SA,31.6725,38.6637,53.17,40,100,9.75,overcast clouds
437,Churapcha,RU,62.0025,132.4325,-20.9,98,100,2.62,overcast clouds
438,Solnechnyy,RU,50.7214,136.6319,18.97,78,100,5.82,overcast clouds
439,Bumbuna,SL,9.05,-11.7333,70.59,94,2,0.69,clear sky
440,Boa Vista,BR,2.8197,-60.6733,78.78,83,40,8.05,scattered clouds
441,Arlit,NE,18.7369,7.3853,66.09,9,92,8.03,overcast clouds
442,Pisco,PE,-13.7,-76.2167,66.25,88,0,12.66,clear sky
443,Alta Floresta,BR,-9.8756,-56.0861,73.26,97,100,2.26,moderate rain
444,Ajdabiya,LY,30.7554,20.2263,57.76,66,47,4.74,scattered clouds
445,Matara,LK,5.9485,80.5353,76.98,89,100,10.11,overcast clouds
446,Galle,LK,6.0367,80.217,77.61,85,100,3.76,overcast clouds
447,Vostok,RU,46.4856,135.8833,4.41,86,100,8.46,overcast clouds
448,Constitucion,CL,-35.3333,-72.4167,50.31,79,0,10.2,clear sky
449,Namibe,AO,-15.1961,12.1522,69.24,82,100,3.15,overcast clouds
450,Vanavara,RU,60.34,102.2797,-33.56,95,46,2.06,scattered clouds
451,Vila Velha,BR,-20.3297,-40.2925,78.75,85,75,5.99,broken clouds
452,Bosaso,SO,11.2842,49.1816,75.6,68,0,5.75,clear sky
453,Henties Bay,NA,-22.116,14.2845,59.86,93,0,6.71,clear sky
454,Saint-Augustin,CA,51.226,-58.6502,26.33,64,94,29.19,overcast clouds
455,Karachi,PK,24.9056,67.0822,57.02,58,47,4.61,smoke
456,Rawson,AR,-43.3002,-65.1023,57.18,68,98,4.23,overcast clouds
457,Gidam,IN,18.9833,81.4,73.42,51,54,3.53,broken clouds
458,Along,IN,28.1667,94.7667,68.09,40,24,0.96,few clouds
459,Luxor,EG,25.6989,32.6421,67.01,60,86,2.71,overcast clouds
460,Mnogovershinnyy,RU,53.9353,139.9242,19.06,93,100,10.8,snow
461,Victoria Point,AU,-27.5833,153.3,85.33,65,49,5.99,scattered clouds
462,Sao Filipe,CV,14.8961,-24.4956,74.82,72,82,9.57,broken clouds
463,Saint Anthony,US,45.0205,-93.218,33.64,75,1,1.01,clear sky
464,Mao,ES,39.8885,4.2658,48.76,93,0,5.75,clear sky
465,Minab,IR,27.1467,57.0801,60.3,23,1,12.88,clear sky
466,Zhezkazgan,KZ,47.8043,67.7144,17.58,86,90,20.13,light snow
467,Aljustrel,PT,37.8776,-8.1652,53.13,78,0,7.23,clear sky
468,Blackwater,AU,-23.5833,148.8833,93.67,23,5,13.02,clear sky
469,Gornopravdinsk,RU,60.05,69.9,-2.67,100,88,3.58,overcast clouds
470,Shitanjing,CN,39.2342,106.3439,28.53,21,0,1.7,clear sky
471,Saint-Joseph,RE,-21.3667,55.6167,80.2,72,17,11.1,few clouds
472,Zharkent,KZ,44.1628,80.0,32.81,37,31,0.51,scattered clouds
473,Kushima,JP,31.4583,131.2333,53.11,44,1,6.06,clear sky
474,Luderitz,NA,-26.6481,15.1594,59.86,80,3,12.1,clear sky
475,Kamloops,CA,50.6665,-120.3192,31.19,59,75,11.5,broken clouds
476,Luanda,AO,-8.8368,13.2343,75.36,94,100,10.07,moderate rain
477,Opuwo,NA,-18.0607,13.84,72.41,66,64,9.51,broken clouds
478,North Bend,US,43.4065,-124.2243,44.51,97,75,13.8,broken clouds
479,Pitlochry,GB,56.7051,-3.7343,43.66,81,79,12.95,broken clouds
480,Duncan,US,34.5023,-97.9578,46.45,42,1,12.66,clear sky
481,Santa Maria Del Oro,MX,25.9333,-105.3667,56.79,42,86,4.97,overcast clouds
482,Yambio,SS,4.5721,28.3955,67.28,41,50,2.75,scattered clouds
483,Mildura,AU,-34.2,142.15,96.76,9,42,5.75,scattered clouds
484,Norman Wells,CA,65.282,-126.8329,-2.33,91,100,13.89,overcast clouds
485,Acari,PE,-15.4311,-74.6158,69.62,90,78,4.76,broken clouds
486,Buraydah,SA,26.326,43.975,46.85,33,100,4.07,overcast clouds
487,Mandalgovi,MN,45.7625,106.2708,16.95,35,0,18.1,clear sky
488,Zyryanka,RU,65.75,150.85,-32.22,93,100,10.51,overcast clouds
489,Bilibino,RU,68.0546,166.4372,-32.98,93,24,5.19,few clouds
490,Fuxin,CN,42.0156,121.6589,30.49,24,0,10.42,clear sky
491,Careiro Da Varzea,BR,-3.2003,-59.8119,75.81,93,100,3.31,light rain
492,Magaria,NE,12.9983,8.9099,65.86,15,72,9.08,broken clouds
493,Yashalta,RU,46.3395,42.2762,32.27,84,99,21.12,overcast clouds
494,Yeppoon,AU,-23.1333,150.7333,87.58,58,10,16.08,clear sky
495,Banjar,ID,-8.19,114.9675,87.66,72,65,0.74,broken clouds
496,Klyuchi,RU,52.2667,79.1667,6.26,91,95,9.84,overcast clouds
497,Wajima,JP,37.4,136.9,40.86,72,100,20.38,overcast clouds
498,Okha,RU,53.5739,142.9478,25.18,90,100,22.82,light snow
499,Walvis Bay,NA,-22.9575,14.5053,60.1,88,4,8.05,clear sky
500,Berlevag,NO,70.8578,29.0864,28.35,95,95,15.37,light snow
501,Rozhdestveno,RU,53.2375,50.0597,9.59,86,14,1.97,few clouds
502,Karimnagar,IN,18.4333,79.15,72.82,44,100,5.88,overcast clouds
503,Benjamin Constant,BR,-4.3831,-70.0311,73.36,98,82,1.9,broken clouds
504,Alekseyevsk,RU,57.8406,108.3492,-15.16,93,93,4.07,overcast clouds
505,Gobabis,NA,-22.45,18.9667,66.16,75,12,8.95,few clouds
506,San Isidro,PE,-12.1167,-77.05,64.26,91,6,1.01,clear sky
507,Yantongshan,CN,43.2919,126.0094,20.05,65,1,14.07,clear sky
508,Darhan,MN,49.4867,105.9228,8.35,80,20,2.26,few clouds
509,Sanchazi,CN,42.0817,126.6003,17.69,64,2,6.4,clear sky
510,Pochutla,MX,15.7432,-96.4661,74.82,79,3,3.38,clear sky
511,Dois Vizinhos,BR,-25.7336,-53.0572,70.88,63,100,2.75,light rain
512,Kavaratti,IN,10.5669,72.642,82.17,70,72,5.57,broken clouds
513,Mbandaka,CD,0.0487,18.2603,70.86,87,99,3.56,overcast clouds
514,Boyolangu,ID,-8.1181,111.8935,86.29,64,20,8.95,few clouds
515,Ballina,AU,-28.8667,153.5667,77.77,66,67,10.6,broken clouds
516,Xai-Xai,MZ,-25.0519,33.6442,79.36,72,93,4.32,overcast clouds
517,Mae Ramat,TH,16.984,98.5166,83.73,43,18,6.11,few clouds
518,Natal,BR,-5.795,-35.2094,81.25,83,20,13.8,few clouds
519,Sitka,US,57.0531,-135.33,27.81,83,100,9.26,overcast clouds
520,Roswell,US,34.0232,-84.3616,43.39,82,1,1.01,clear sky
521,Abu Kamal,SY,34.4506,40.9171,52.39,51,49,1.83,scattered clouds
522,Nyrob,RU,60.733,56.7202,-8.63,100,89,4.14,overcast clouds
523,Botro,CI,7.8525,-5.3106,74.03,54,25,3.02,scattered clouds
524,Caxito,AO,-8.5785,13.6643,77.65,98,100,4.68,heavy intensity rain
525,Santiago Del Estero,AR,-27.7951,-64.2615,68.81,91,48,5.35,moderate rain
526,Bay Roberts,CA,47.5999,-53.2648,38.43,75,100,11.01,overcast clouds
527,Balkhash,KZ,46.844,74.9804,23.61,86,75,11.18,light snow
528,Melfi,IT,40.9965,15.6514,40.5,87,51,6.67,broken clouds
529,Tual,ID,-5.6667,132.75,83.1,76,98,11.21,overcast clouds
530,Alugan,PH,12.2188,125.4808,80.17,85,81,16.31,moderate rain
531,Makakilo City,US,21.3469,-158.0858,76.57,69,75,5.75,broken clouds
532,Potiskum,NG,11.7091,11.0694,65.46,24,46,8.32,scattered clouds
533,Bandarbeyla,SO,9.4942,50.8122,76.42,75,0,20.38,clear sky
534,Marystown,CA,47.1666,-55.1483,38.86,100,100,15.01,overcast clouds
535,Ridgecrest,US,35.6225,-117.6709,47.43,33,0,2.1,clear sky
536,Forestville,US,38.8451,-76.875,41.34,54,1,0.0,clear sky
537,Craig,US,40.5153,-107.5464,23.85,85,1,0.0,clear sky
538,Hamadan,IR,34.7992,48.5146,37.44,26,68,1.92,broken clouds
539,Banganapalle,IN,15.3167,78.2333,76.68,71,100,9.44,overcast clouds
540,Bonthe,SL,7.5264,-12.505,77.77,85,3,2.93,light rain
541,Biak,ID,-0.9131,122.8766,85.03,68,60,2.66,broken clouds
542,Krasnoselkup,RU,65.7,82.4667,-28.62,92,74,6.33,broken clouds
543,Marawi,PH,7.9986,124.2928,75.65,65,100,4.41,overcast clouds
544,Papar,MY,5.7333,115.9333,87.8,70,100,4.0,overcast clouds
545,Omboue,GA,-1.5746,9.2618,75.99,93,100,3.8,light rain
546,Dalby,AU,-27.1833,151.2667,85.91,30,8,6.87,clear sky
547,Konevo,RU,62.1215,39.3192,21.42,96,100,5.68,overcast clouds
548,Whyalla,AU,-33.0333,137.5833,68.7,61,100,18.59,light rain
549,San Vicente,AR,-26.6167,-54.1333,69.24,67,96,1.63,overcast clouds
550,Sukhobezvodnoye,RU,57.0491,44.8891,13.66,91,84,6.38,broken clouds
551,Lumphat,KH,13.4878,106.9816,83.37,44,45,7.63,scattered clouds
552,Dobryanka,RU,58.4619,56.4165,-5.94,92,100,4.5,overcast clouds
553,Noyabrsk,RU,63.1994,75.4507,-24.18,100,37,6.98,scattered clouds
554,Sabha,LY,27.0377,14.4283,47.44,65,0,9.82,clear sky
555,Sembe,CG,1.6481,14.5806,71.24,94,95,1.9,overcast clouds
556,Moss Point,US,30.4116,-88.5345,48.27,96,3,5.95,clear sky
557,Tucuman,AR,-26.8241,-65.2226,68.0,95,65,2.3,light rain
558,Houma,US,29.5958,-90.7195,55.4,86,2,5.75,clear sky
559,Hornepayne,CA,49.2138,-84.7705,30.58,90,42,7.81,scattered clouds
560,Kamenka,RU,51.3223,42.7678,18.75,57,100,13.42,overcast clouds
561,Lac Du Bonnet,CA,50.2536,-96.0612,31.59,83,76,9.57,broken clouds
562,Gat,IL,31.61,34.7642,67.41,37,100,4.47,overcast clouds
563,Iquitos,PE,-3.7481,-73.2472,78.84,89,0,0.0,clear sky
564,Mogocha,RU,53.7333,119.7667,1.35,79,92,0.83,overcast clouds
565,Tokmak,UA,47.2514,35.7058,37.87,76,100,11.41,overcast clouds
566,Eenhana,NA,-17.4667,16.3333,67.17,83,78,4.36,broken clouds
567,Arani,IN,12.6667,79.2833,78.57,76,80,9.22,broken clouds
568,Maragogi,BR,-9.0122,-35.2225,77.5,83,19,7.99,few clouds
569,Comodoro Rivadavia,AR,-45.8667,-67.5,52.83,85,100,11.03,light rain
570,Rabat,MA,33.9911,-6.8401,57.04,93,20,0.0,mist
571,Marrakesh,MA,31.6315,-8.0083,48.27,49,0,4.61,clear sky
572,Aklavik,CA,68.2191,-135.0107,-5.57,89,100,20.6,overcast clouds
573,Raha,IN,26.2333,92.5167,68.49,65,0,4.83,clear sky
574,Kungurtug,RU,50.5994,97.5228,5.76,75,60,0.4,broken clouds
575,Beyneu,KZ,45.3167,55.2,20.26,61,5,9.6,clear sky
576,Stuttgart,DE,48.7823,9.177,42.58,94,90,1.14,light intensity drizzle
577,Dzerzhinsk,RU,56.2389,43.4631,15.62,85,0,8.95,clear sky
578,Doha,QA,25.2867,51.5333,64.38,77,6,4.61,clear sky
579,West Plains,US,36.7281,-91.8524,40.03,65,1,7.0,clear sky
580,Kaa-Khem,RU,51.6833,94.7333,4.1,95,100,1.66,light snow
581,Erenhot,CN,43.6475,111.9767,22.17,50,0,18.45,clear sky
582,Zyryanovsk,KZ,49.7386,84.2719,16.66,95,100,0.4,light snow
583,Champaign,US,40.1334,-88.2001,39.02,76,1,8.01,clear sky
584,Ukiah,US,39.1502,-123.2078,52.43,97,100,3.33,overcast clouds
585,Balabac,PH,7.9868,117.0645,83.8,76,41,14.16,moderate rain
586,Qaqortoq,GL,60.7167,-46.0333,18.1,78,99,8.23,overcast clouds
587,Ipatovo,RU,45.7181,42.9036,34.34,82,100,19.62,overcast clouds
588,Yerofey Pavlovich,RU,53.9667,121.9667,1.67,79,85,1.95,overcast clouds
589,Sandwick,GB,60.0,-1.25,48.02,76,75,44.87,broken clouds
590,Homer,US,59.6425,-151.5483,3.04,75,8,17.02,clear sky
591,Nome,US,64.5011,-165.4064,-23.78,95,4,5.93,clear sky
592,San Felipe,VE,10.3399,-68.7425,71.94,92,72,3.62,broken clouds
593,Buin,CL,-33.7333,-70.75,63.73,72,0,2.28,clear sky
594,Antigonish,CA,45.6169,-61.9986,38.93,62,2,1.01,clear sky
595,Northam,GB,51.0333,-4.2167,54.01,96,100,11.01,overcast clouds
596,Bafoulabe,ML,13.8065,-10.8321,75.18,12,31,2.82,scattered clouds
597,Kampong Thum,KH,12.7111,104.8887,82.49,51,86,8.88,overcast clouds
598,Tahta,EG,26.7693,31.5021,64.9,41,100,6.2,overcast clouds
599,Skibbereen,IE,51.55,-9.2667,44.4,82,100,2.19,overcast clouds
600,Reitz,ZA,-27.8014,28.4273,58.69,95,100,5.03,light rain
601,Moose Factory,CA,51.2585,-80.6094,29.07,92,89,10.49,overcast clouds
602,Nelson Bay,AU,-32.7167,152.15,79.75,62,8,3.0,clear sky
603,Patrocinio,BR,-18.9439,-46.9925,65.95,95,100,3.51,moderate rain
604,Ruwi,OM,23.5996,58.5507,71.89,58,19,4.68,few clouds
605,Pangkalanbuun,ID,-2.6833,111.6167,86.05,71,71,5.5,broken clouds
606,Belmonte,BR,-15.8631,-38.8828,75.7,88,86,6.58,overcast clouds
607,Milkovo,RU,54.7167,158.6167,20.44,87,100,10.69,overcast clouds
608,Benguela,AO,-12.5763,13.4055,76.51,85,100,0.6,light rain
609,Yenagoa,NG,4.9247,6.2642,77.65,91,85,2.82,overcast clouds
610,Novoanninskiy,RU,50.5287,42.6747,19.56,86,100,12.68,overcast clouds
611,Nueve De Julio,AR,-35.4444,-60.8831,60.93,78,12,13.67,few clouds
612,Zhigansk,RU,66.7697,123.3711,-34.06,99,88,11.63,overcast clouds
613,Rongcheng,CN,30.634,117.8517,51.53,60,4,5.61,clear sky
614,Jaguariaiva,BR,-24.2511,-49.7058,65.19,96,99,3.47,overcast clouds
615,Port-Cartier,CA,50.0334,-66.8654,25.95,73,23,13.04,few clouds
616,San Pedro,PH,14.35,121.0167,86.32,70,97,16.87,overcast clouds
617,Fryanovo,RU,56.1333,38.45,25.12,90,100,8.16,overcast clouds
618,Bundaberg,AU,-24.85,152.35,84.49,51,40,13.8,scattered clouds
619,Bafra,TR,41.5678,35.9069,37.18,59,0,5.82,clear sky
620,Shingu,JP,33.7333,135.9833,53.24,46,6,8.46,clear sky
621,Santa Fe,AR,-31.6333,-60.7,72.01,80,100,4.0,moderate rain
622,Tara,RU,56.8944,74.371,10.18,96,99,5.46,overcast clouds
623,Balkanabat,TM,39.5108,54.3671,40.46,80,3,2.75,clear sky
624,Askiz,RU,53.1319,90.5264,19.42,72,66,14.9,broken clouds
625,Harper,LR,4.375,-7.7169,78.75,85,6,6.13,clear sky
626,Abay,KZ,49.6311,72.8539,-3.62,94,30,5.59,scattered clouds
627,Muhos,FI,64.808,25.9931,28.89,90,100,6.46,overcast clouds
628,El Jicaro,GT,14.9167,-89.9,69.15,96,30,3.44,scattered clouds
629,Oancea,RO,45.9167,28.1,46.11,95,98,6.53,overcast clouds
630,Tournon-Sur-Rhone,FR,45.0667,4.8333,44.1,88,76,4.79,broken clouds
631,Bayir,TR,37.2687,28.2167,50.52,96,91,8.41,light rain
632,Dongsheng,CN,39.8161,109.9776,24.96,48,0,13.69,clear sky
633,Zabid,YE,14.1951,43.3152,74.26,57,0,1.07,clear sky
634,Madingou,CG,-4.1536,13.55,71.71,98,100,1.14,overcast clouds
635,Tiznit,MA,29.5833,-9.5,58.75,41,94,5.95,overcast clouds
636,Merrill,US,45.1805,-89.6835,35.37,71,1,3.44,clear sky
637,Bonavista,CA,48.6499,-53.1147,38.12,69,99,29.59,overcast clouds
638,Kuryk,KZ,43.2,51.65,26.33,71,0,9.91,clear sky
639,Hobyo,SO,5.3505,48.5268,79.16,75,19,20.8,few clouds
640,Quatre Cocos,MU,-20.2078,57.7625,81.09,69,13,11.7,few clouds
641,Taraz,KZ,42.9,71.3667,39.61,87,75,2.24,mist
642,Banda Aceh,ID,5.5577,95.3222,84.2,65,71,11.5,broken clouds
643,Taltal,CL,-25.4,-70.4833,61.47,85,13,2.59,few clouds
644,Puerto Gaitan,CO,4.3133,-72.0816,77.76,59,41,7.11,scattered clouds
645,Palmer,US,42.1584,-72.3287,39.42,53,0,3.0,clear sky
646,Kourou,GF,5.1552,-52.6478,79.11,92,100,6.02,light rain
647,Saint-Pierre,RE,-21.3393,55.4781,81.28,65,0,19.57,clear sky
648,Lashio,MM,22.9333,97.75,71.58,61,14,0.56,few clouds
649,Escuintla,GT,14.305,-90.785,74.08,86,10,5.64,clear sky
650,Wanaka,NZ,-44.7,169.15,67.95,63,99,3.53,light rain
651,Thaba-Tseka,LS,-29.522,28.6084,57.87,74,100,3.2,light rain
652,Nanakuli,US,21.3906,-158.1547,77.99,68,75,5.75,broken clouds
653,Akdepe,TM,42.0551,59.3788,26.6,79,94,9.57,overcast clouds
654,Port Hedland,AU,-20.3167,118.5667,93.25,59,1,13.8,clear sky
655,Dordrecht,NL,51.81,4.6736,51.08,93,98,3.0,overcast clouds
656,Thessalon,CA,46.2501,-83.5666,41.29,81,83,16.15,broken clouds
657,Hualmay,PE,-11.0964,-77.6139,66.65,88,10,7.38,clear sky
658,Corn Island,NI,12.1694,-83.0418,80.47,79,22,18.19,few clouds
659,Ulladulla,AU,-35.35,150.4667,82.76,62,7,8.57,clear sky
660,Beruwala,LK,6.4788,79.9828,81.46,78,91,1.23,overcast clouds
661,Manavalakurichi,IN,8.1333,77.3,87.89,68,96,7.47,overcast clouds
662,Finnsnes,NO,69.2296,17.9811,33.76,98,100,3.62,light snow
663,Baijiantan,CN,45.6333,85.1833,17.87,73,100,0.69,overcast clouds
664,Usinsk,RU,65.9939,57.5281,10.33,92,99,14.81,overcast clouds
665,Baherden,TM,38.4362,57.4316,42.85,70,47,6.64,scattered clouds
666,Burnie,AU,-41.0667,145.9167,63.91,74,36,9.48,light rain
667,Umm Lajj,SA,25.0213,37.2685,74.46,32,100,4.65,overcast clouds
668,Kalulushi,ZM,-12.8378,28.0919,64.89,51,80,4.14,broken clouds
669,Mochudi,BW,-24.4167,26.15,72.19,63,100,4.97,overcast clouds
670,Prince Rupert,CA,54.3161,-130.3201,28.87,81,100,7.81,overcast clouds
671,Leningradskiy,RU,69.3833,178.4167,-30.77,89,9,3.83,clear sky
672,Daura,NG,11.5538,11.4085,66.34,23,46,8.84,scattered clouds
673,Fort Nelson,CA,58.8053,-122.7002,-5.12,99,100,2.3,overcast clouds
674,Wanning,CN,18.8003,110.3967,72.64,75,84,17.25,broken clouds
675,Palauig,PH,15.435,119.9045,83.97,63,74,5.97,broken clouds
676,Ixtapa,MX,20.7,-105.2,78.03,78,40,0.0,scattered clouds
677,Malakal,SS,9.5334,31.6605,73.9,32,91,4.76,overcast clouds
